<?xml version="1.0"?>
<!DOCTYPE service-builder PUBLIC "-//Liferay//DTD Service Builder 7.4.0//EN" "http://www.liferay.com/dtd/liferay-service-builder_7_4_0.dtd">
<service-builder dependency-injector="ds" package-path="com.example.college">
	<namespace>College</namespace>
	<entity local-service="true" remote-service="false" name="Student">
		<column name="studentId" type="long" primary="true" />
		<column name="name" type="String" />
		<column name="branch" type="String" />
		<column name="year" type="int" />
		<column name="createDate" type="Date" />
		<column name="modifiedDate" type="Date" />
		<order by="asc">
			<order-column name="name" />
		</order>
	</entity>
</service-builder>