<?xml version="1.0"?>
<!DOCTYPE hibernate-mapping PUBLIC "-//Hibernate/Hibernate Mapping DTD 3.0//EN" "http://www.hibernate.org/dtd/hibernate-mapping-3.0.dtd">

<hibernate-mapping auto-import="false" default-lazy="false">
	<import class="com.example.college.model.Student" />
	<class name="com.example.college.model.impl.StudentImpl" table="College_Student">
		<id access="com.liferay.portal.dao.orm.hibernate.MethodPropertyAccessor" name="studentId" type="long">
			<generator class="assigned" />
		</id>
		<property access="com.liferay.portal.dao.orm.hibernate.MethodPropertyAccessor" name="name" type="com.liferay.portal.dao.orm.hibernate.StringType" />
		<property access="com.liferay.portal.dao.orm.hibernate.MethodPropertyAccessor" name="branch" type="com.liferay.portal.dao.orm.hibernate.StringType" />
		<property access="com.liferay.portal.dao.orm.hibernate.MethodPropertyAccessor" name="year" type="com.liferay.portal.dao.orm.hibernate.IntegerType" />
		<property access="com.liferay.portal.dao.orm.hibernate.MethodPropertyAccessor" name="createDate" type="org.hibernate.type.TimestampType" />
		<property access="com.liferay.portal.dao.orm.hibernate.MethodPropertyAccessor" name="modifiedDate" type="org.hibernate.type.TimestampType" />
	</class>
</hibernate-mapping>